name,N_obs,mu_annual,kappa,theta_annual,nu,rho,v0,lambda_per_year,mu_J,sigma_J,objective,emp_mean,emp_std,emp_skew,emp_kurt,emp_max_dd,model_mean,model_std,model_skew,model_kurt,model_max_dd,mean_error_pct,std_error_pct,skew_error_pct,kurt_error_pct,max_dd_error_pct,elapsed_time_sec
regime_0.0,324,0.13678611224883452,2.156485690892143,0.003265979447616864,0.10003189018699296,-0.46936750976007563,0.00493285260945773,0.6397539584850117,-0.04021911286077313,0.07684194812474447,6.190586826433079e-07,0.009054827837697265,0.0282964469367628,-1.6683149372364205,12.130270265976456,-0.21501911785942168,0.009054824437455963,0.028296291852016923,-1.6683152489688127,12.130279973548149,-0.19913815754437136,3.7551694665097086e-05,0.000548071445937293,1.86854643067812e-05,8.002766203406686e-05,7.385836419175155,0.019014835357666016
regime_1.0,309,0.10747803611157981,6.903192106391597,0.001960597311336512,0.10118649736337747,-0.4894107676122871,0.018505445720115195,0.6186697968356549,-0.044625782248633776,0.08066480628593604,1.3662665459123965e-05,0.0060355143213126645,0.0409728960857406,-0.6567406354208022,1.0396069417241156,-0.39492808470063984,0.006035504506036191,0.040971881265218814,-0.6567430088598488,1.0396136486969507,-0.21890344455495392,0.0001626253530519357,0.002476809351380488,0.00036139670954144274,0.0006451450606890126,44.57131487093775,0.04167675971984863
regime_2.0,38,0.27075781440781993,4.233734040512903,0.019076009831362276,0.20844219953611323,-0.4140113981358539,0.042704994138938905,0.5823287877431358,-0.09843794109004876,0.10854070192264596,7.948892082123938e-06,0.016153236647994233,0.06563653043884979,-0.6276835991543609,0.7208304685666023,-0.3141232895204376,0.01615318636406413,0.06563529857148785,-0.6276860210667494,0.7208274616680034,-0.15094153835991714,0.0003112932175690856,0.001876801460559006,0.0003858492386596023,0.00041714365998830655,51.94831348215061,0.1161653995513916
