,0: V-1: Lowest Volatility,1: V-2: Medium Volatility,2: V-3: High Volatility
0: V-1: Lowest Volatility,0.9050763168370503,0.08876916528362873,0.006154517879320913
1: V-2: Medium Volatility,0.10386307855655368,0.854585243313164,0.041551678130282335
2: V-3: High Volatility,1.0056418125929705e-40,0.33521972782257636,0.6647802721774236
